insert into USERS (PHONE_NUMBER, USER_NAME, USER_TYPE, EMAIL, PASSWORD, ENABLED, ROLE_ID, THEME_ID, REGISTRATION_DATE,
                   geolocation_id)
VALUES ('12345', 'Qwerty', 'SPECIALIST', 'some@mail.ru', '$2a$12$a72Udagvfj0P2ezcWE1yV.s7mMxn6SgJsyHWVOMegNmTN/WBayFbC',
        TRUE,
        (SELECT id FROM roles WHERE role LIKE '%SPECIALIST'),
        (select id from THEMES where THEME_NAME = 'light'),
        '2023-10-15 15:30:00',
        (select id from GEOLOCATION where CITY = 'Бишкек')),

       ('54321', 'JohnDoe', 'SPECIALIST', 'john@example.com',
        '$2a$12$a72Udagvfj0P2ezcWE1yV.s7mMxn6SgJsyHWVOMegNmTN/WBayFbC', TRUE,
        (SELECT id FROM roles WHERE role LIKE '%SPECIALIST'),
        (SELECT id FROM THEMES WHERE THEME_NAME = 'light'),
        '2023-09-20 10:45:00',
        (SELECT id FROM GEOLOCATION WHERE CITY = 'Бишкек')),

       ('67890', 'AliceSmith', 'SPECIALIST', 'alice@example.com',
        '$2a$12$a72Udagvfj0P2ezcWE1yV.s7mMxn6SgJsyHWVOMegNmTN/WBayFbC', TRUE,
        (SELECT id FROM roles WHERE role LIKE '%SPECIALIST'),
        (SELECT id FROM THEMES WHERE THEME_NAME = 'light'),
        '2023-11-05 09:15:00',
        (SELECT id FROM GEOLOCATION WHERE CITY = 'Бишкек')),

       ('13579', 'EmilyJohnson', 'SPECIALIST', 'emily@example.com',
        '$2a$12$a72Udagvfj0P2ezcWE1yV.s7mMxn6SgJsyHWVOMegNmTN/WBayFbC', TRUE,
        (SELECT id FROM roles WHERE role LIKE '%SPECIALIST'),
        (SELECT id FROM THEMES WHERE THEME_NAME = 'light'),
        '2023-12-01 14:00:00',
        (SELECT id FROM GEOLOCATION WHERE CITY = 'Бишкек')),

       ('98765', 'MichaelBrown', 'SPECIALIST', 'michael@example.com',
        '$2a$12$a72Udagvfj0P2ezcWE1yV.s7mMxn6SgJsyHWVOMegNmTN/WBayFbC', TRUE,
        (SELECT id FROM roles WHERE role LIKE '%SPECIALIST'),
        (SELECT id FROM THEMES WHERE THEME_NAME = 'light'),
        '2023-11-20 11:30:00',
        (SELECT id FROM GEOLOCATION WHERE CITY = 'Бишкек')),

       ('24680', 'OliviaWilson', 'SPECIALIST', 'olivia@example.com',
        '$2a$12$a72Udagvfj0P2ezcWE1yV.s7mMxn6SgJsyHWVOMegNmTN/WBayFbC', TRUE,
        (SELECT id FROM roles WHERE role LIKE '%SPECIALIST'),
        (SELECT id FROM THEMES WHERE THEME_NAME = 'light'),
        '2023-11-10 08:00:00',
        (SELECT id FROM GEOLOCATION WHERE CITY = 'Бишкек')),

       ('11223', 'SophiaGarcia', 'SPECIALIST', 'sophia@example.com',
        '$2a$12$a72Udagvfj0P2ezcWE1yV.s7mMxn6SgJsyHWVOMegNmTN/WBayFbC', TRUE,
        (SELECT id FROM roles WHERE role LIKE '%SPECIALIST'),
        (SELECT id FROM THEMES WHERE THEME_NAME = 'light'),
        '2023-10-25 16:45:00',
        (SELECT id FROM GEOLOCATION WHERE CITY = 'Бишкек')),

       ('334455', 'LiamMartinez', 'SPECIALIST', 'liam@example.com',
        '$2a$12$a72Udagvfj0P2ezcWE1yV.s7mMxn6SgJsyHWVOMegNmTN/WBayFbC', TRUE,
        (SELECT id FROM roles WHERE role LIKE '%SPECIALIST'),
        (SELECT id FROM THEMES WHERE THEME_NAME = 'light'),
        '2023-09-30 12:00:00',
        (SELECT id FROM GEOLOCATION WHERE CITY = 'Бишкек')),

       ('998877', 'AvaRodriguez', 'SPECIALIST', 'ava@example.com',
        '$2a$12$a72Udagvfj0P2ezcWE1yV.s7mMxn6SgJsyHWVOMegNmTN/WBayFbC', TRUE,
        (SELECT id FROM roles WHERE role LIKE '%SPECIALIST'),
        (SELECT id FROM THEMES WHERE THEME_NAME = 'light'),
        '2023-09-15 09:30:00',
        (SELECT id FROM GEOLOCATION WHERE CITY = 'Бишкек')),

       ('667788', 'NoahLopez', 'SPECIALIST', 'noah@example.com',
        '$2a$12$a72Udagvfj0P2ezcWE1yV.s7mMxn6SgJsyHWVOMegNmTN/WBayFbC', TRUE,
        (SELECT id FROM roles WHERE role LIKE '%SPECIALIST'),
        (SELECT id FROM THEMES WHERE THEME_NAME = 'light'),
        '2023-12-02 10:00:00',
        (SELECT id FROM GEOLOCATION WHERE CITY = 'Бишкек'));

INSERT INTO specialists (user_id, company_name)
VALUES (11, 'Facebook, Inc.'),
       (3, 'Tesla, Inc.'),
       (12, 'Intel Corporation'),
       (4, 'IBM Corporation'),
       (5, 'Oracle Corporation'),
       (6, 'Samsung Electronics'),
       (7, 'Ford Motor Company'),
       (8, 'General Electric'),
       (9, 'Procter & Gamble'),
       (15, 'Walmart Inc.'),
       (17, 'Ортосайский рынок'),
       (19, 'Bishkek Producers'),
       (23, 'Аксут Ко.'),
       (25, 'Кантский цементный завод'),
       (27, 'Стоматология'),
       (28, 'Империя пиццы'),
       (29, 'Яндекс такси'),
       (30, 'Путевки и авиабилеты'),
       (31, 'Охранное ангентство'),
       (32, 'Союз кинологов'),
       (33, 'Ветеринарная клиника'),
       (34, 'Оптовые продажи'),
       (35, 'Музыкальная школа'),
       (10, 'Boeing');

INSERT INTO resumes (specialist_id, name, time_of_resume, resume_Description, category_id)
VALUES (1, 'Ландшафтный дизайнер', '2023-10-19 10:00:00', 'Опыт работы и квалификация по ссылке @qwe_22', 7),
       (2, 'Дизайнер/иллюстратор', '2023-10-19 11:00:00', 'Профессиональные достижения: награда лучший дизайнер 2022', 8),
       (3, 'Художник мультфильмов/создатель CGI эффетов', '2023-10-19 12:00:00', 'Щелкунчик, Маша и Медведь', 16),
       (4, 'Врач-кардиолог', '2023-10-19 13:00:00', 'Опыт в медицине 20 лет', 10),
       (5, 'Ремонт техники и компьютеров', '2023-10-19 14:00:00', 'ИТ-специалист', 1),
       (6, 'Репетитор по математике 9-11 классы', '2023-10-19 15:00:00', 'Преподаватель математики', 16),
       (7, 'Проектировка и изготовление чертежей', '2023-10-19 16:00:00', 'Строительный инженер', 17),
       (8, 'Повышу продажи на 200%', '2023-10-19 17:00:00', 'Менеджер по продажам', 9),
       (9, 'Бухгалтер/финансовый аналитик', '2023-10-19 18:00:00', 'Финансовый аналитик, анализ рынков, бухгалтерия', 3),
       (10, 'Адвокат по гражданским делам', '2023-10-19 19:00:00', 'Адвокат со стажем', 1),
       (2, 'Java Web Developer, опыт 6 лет', '2023-10-19 20:00:00', 'Инженер-программист', 5),
       (2, 'Маркетолог/SMM', '2023-10-19 17:00:00', 'Маркетинговый менеджер', 4),
       (3, 'JavaScript, React', '2023-10-19 22:00:00', 'Разработчик веб-приложений', 2),
       (4, 'Менеджер проектов', '2023-10-19 23:00:00', 'Продуктовый менеджер', 3),
       (5, 'Электро-монтажные работы качественно', '2023-10-20 00:00:00', 'Инженер-электрик', 1);