insert into USERS (PHONE_NUMBER, USER_NAME, USER_TYPE, EMAIL, PASSWORD, ENABLED, ROLE_ID, THEME_ID, REGISTRATION_DATE,
                   geolocation_id, tariff_id)
VALUES ('12345', 'Qwerty', 'SPECIALIST', 'some@mail.ru', '$2a$12$a72Udagvfj0P2ezcWE1yV.s7mMxn6SgJsyHWVOMegNmTN/WBayFbC',
        TRUE,
        (SELECT id FROM roles WHERE role LIKE '%SPECIALIST'),
        (select id from THEMES where THEME_NAME = 'light'),
        '2023-10-15 15:30:00',
        (select id from GEOLOCATION where CITY = 'Бишкек'), 3),

       ('54321', 'JohnDoe', 'SPECIALIST', 'john@example.com',
        '$2a$12$a72Udagvfj0P2ezcWE1yV.s7mMxn6SgJsyHWVOMegNmTN/WBayFbC', TRUE,
        (SELECT id FROM roles WHERE role LIKE '%SPECIALIST'),
        (SELECT id FROM THEMES WHERE THEME_NAME = 'light'),
        '2023-09-20 10:45:00',
        (SELECT id FROM GEOLOCATION WHERE CITY = 'Бишкек'), 4),

       ('67890', 'AliceSmith', 'SPECIALIST', 'alice@example.com',
        '$2a$12$a72Udagvfj0P2ezcWE1yV.s7mMxn6SgJsyHWVOMegNmTN/WBayFbC', TRUE,
        (SELECT id FROM roles WHERE role LIKE '%SPECIALIST'),
        (SELECT id FROM THEMES WHERE THEME_NAME = 'light'),
        '2023-11-05 09:15:00',
        (SELECT id FROM GEOLOCATION WHERE CITY = 'Бишкек'), 5),

       ('13579', 'EmilyJohnson', 'SPECIALIST', 'emily@example.com',
        '$2a$12$a72Udagvfj0P2ezcWE1yV.s7mMxn6SgJsyHWVOMegNmTN/WBayFbC', TRUE,
        (SELECT id FROM roles WHERE role LIKE '%SPECIALIST'),
        (SELECT id FROM THEMES WHERE THEME_NAME = 'light'),
        '2023-12-01 14:00:00',
        (SELECT id FROM GEOLOCATION WHERE CITY = 'Бишкек'), 1),

       ('98765', 'MichaelBrown', 'SPECIALIST', 'michael@example.com',
        '$2a$12$a72Udagvfj0P2ezcWE1yV.s7mMxn6SgJsyHWVOMegNmTN/WBayFbC', TRUE,
        (SELECT id FROM roles WHERE role LIKE '%SPECIALIST'),
        (SELECT id FROM THEMES WHERE THEME_NAME = 'light'),
        '2023-11-20 11:30:00',
        (SELECT id FROM GEOLOCATION WHERE CITY = 'Бишкек'), 2),

       ('24680', 'OliviaWilson', 'SPECIALIST', 'olivia@example.com',
        '$2a$12$a72Udagvfj0P2ezcWE1yV.s7mMxn6SgJsyHWVOMegNmTN/WBayFbC', TRUE,
        (SELECT id FROM roles WHERE role LIKE '%SPECIALIST'),
        (SELECT id FROM THEMES WHERE THEME_NAME = 'light'),
        '2023-11-10 08:00:00',
        (SELECT id FROM GEOLOCATION WHERE CITY = 'Бишкек'), 3),

       ('11223', 'SophiaGarcia', 'SPECIALIST', 'sophia@example.com',
        '$2a$12$a72Udagvfj0P2ezcWE1yV.s7mMxn6SgJsyHWVOMegNmTN/WBayFbC', TRUE,
        (SELECT id FROM roles WHERE role LIKE '%SPECIALIST'),
        (SELECT id FROM THEMES WHERE THEME_NAME = 'light'),
        '2023-10-25 16:45:00',
        (SELECT id FROM GEOLOCATION WHERE CITY = 'Бишкек'), 4),

       ('334455', 'LiamMartinez', 'SPECIALIST', 'liam@example.com',
        '$2a$12$a72Udagvfj0P2ezcWE1yV.s7mMxn6SgJsyHWVOMegNmTN/WBayFbC', TRUE,
        (SELECT id FROM roles WHERE role LIKE '%SPECIALIST'),
        (SELECT id FROM THEMES WHERE THEME_NAME = 'light'),
        '2023-09-30 12:00:00',
        (SELECT id FROM GEOLOCATION WHERE CITY = 'Бишкек'), 5),

       ('998877', 'AvaRodriguez', 'SPECIALIST', 'ava@example.com',
        '$2a$12$a72Udagvfj0P2ezcWE1yV.s7mMxn6SgJsyHWVOMegNmTN/WBayFbC', TRUE,
        (SELECT id FROM roles WHERE role LIKE '%SPECIALIST'),
        (SELECT id FROM THEMES WHERE THEME_NAME = 'light'),
        '2023-09-15 09:30:00',
        (SELECT id FROM GEOLOCATION WHERE CITY = 'Бишкек'), 1),

       ('667788', 'NoahLopez', 'SPECIALIST', 'noah@example.com',
        '$2a$12$a72Udagvfj0P2ezcWE1yV.s7mMxn6SgJsyHWVOMegNmTN/WBayFbC', TRUE,
        (SELECT id FROM roles WHERE role LIKE '%SPECIALIST'),
        (SELECT id FROM THEMES WHERE THEME_NAME = 'light'),
        '2023-12-02 10:00:00',
        (SELECT id FROM GEOLOCATION WHERE CITY = 'Бишкек'), 2);

INSERT INTO specialists (user_id, company_name, tariff_id)
VALUES (2, 'Facebook, Inc.', 1),
       (3, 'Tesla, Inc.', 2),
       (14, 'Intel Corporation', 3),
       (4, 'IBM Corporation', 4),
       (5, 'Oracle Corporation', 5),
       (6, 'Samsung Electronics', 2),
       (7, 'Ford Motor Company', 3),
       (8, 'General Electric', 4),
       (9, 'Procter & Gamble', 5),
       (10, 'Boeing', 1);

INSERT INTO resumes (specialist_id, name, time_of_resume, resume_Description, category_id)
VALUES (1, 'Резюме Ивана Петрова', '2023-10-19 10:00:00', 'Опыт работы и квалификация', 7),
       (2, 'Резюме Марины Сидоровой', '2023-10-19 11:00:00', 'Профессиональные достижения', 8),
       (3, 'Резюме Андрея Иванова', '2023-10-19 12:00:00', 'Описание навыков и опыта', 16),
       (4, 'Резюме Ольги Смирновой', '2023-10-19 13:00:00', 'Опыт в медицине', 10),
       (5, 'Резюме Сергея Козлова', '2023-10-19 14:00:00', 'ИТ-специалист', 1),
       (6, 'Резюме Екатерины Ивановой', '2023-10-19 15:00:00', 'Преподаватель математики', 16),
       (7, 'Резюме Дмитрия Петрова', '2023-10-19 16:00:00', 'Строительный инженер', 17),
       (8, 'Резюме Натальи Смирновой', '2023-10-19 17:00:00', 'Менеджер по продажам', 9),
       (9, 'Резюме Павла Козлова', '2023-10-19 18:00:00', 'Финансовый аналитик', 3),
       (10, 'Резюме Марии Ивановой', '2023-10-19 19:00:00', 'Адвокат', 1),
       (1, 'Резюме Александра Петрова', '2023-10-19 20:00:00', 'Инженер-программист', 5),
       (2, 'Резюме Елены Сидоровой', '2023-10-19 17:00:00', 'Маркетинговый менеджер', 4),
       (3, 'Резюме Владимира Иванова', '2023-10-19 22:00:00', 'Разработчик веб-приложений', 2),
       (4, 'Резюме Татьяны Петровой', '2023-10-19 23:00:00', 'Продуктовый менеджер', 3),
       (5, 'Резюме Игоря Смирнова', '2023-10-20 00:00:00', 'Инженер-электрик', 1);